"variable","VIF"
"marginalized_index",4.61122574864125
"median_income",5.3037077688747
"pop",1.53382314689292
